vendor,invoice_no,po_no,sku,desc,qty_billed,unit_price_invoice,line_total
NCC Minh Long,INV-941,PO-2025-100,ITEM-PAPER,Giấy A4 500 tờ,3,75000,225000
NCC Minh Long,INV-886,PO-2025-114,ITEM-KEYB,Bàn phím USB,2,220000,440000
NCC Minh Long,INV-886,PO-2025-114,ITEM-ROUTER,Router WiFi 5,10,950000,9500000
NCC Minh Long,INV-876,PO-2025-100,ITEM-PAPER,Giấy A4 500 tờ,1,75000,75000
GreenSupply Ltd.,INV-944,PO-2025-112,ITEM-MOUSE,Chuột quang USB,6,120000,720000
TechStore JSC,INV-937,PO-2025-102,ITEM-SWITCH8,Switch 8-port,19,650000,12350000
TechStore JSC,INV-937,PO-2025-102,ITEM-ROUTER,Router WiFi 5,2,950000,1900000
GreenSupply Ltd.,INV-774,PO-2025-118,ITEM-PAPER,Giấy A4 500 tờ,12,75000,900000
Cong ty ABC,INV-980,PO-2025-104,ITEM-PAPER,Giấy A4 500 tờ,9,82500,742500
Cong ty ABC,INV-980,PO-2025-104,ITEM-SWITCH8,Switch 8-port,4,650000,2600000
Cong ty ABC,INV-980,PO-2025-104,ITEM-INK,Mực in A4,5,180000,900000
OfficePro Co.,INV-956,PO-2025-106,ITEM-MOUSE,Chuột quang USB,9,120000,1080000
NCC Minh Long,INV-731,PO-2025-113,ITEM-PAPER,Giấy A4 500 tờ,6,75000,450000
GreenSupply Ltd.,INV-956,PO-2025-118,ITEM-PAPER,Giấy A4 500 tờ,1,75000,75000
NCC Minh Long,INV-702,PO-2025-114,ITEM-ROUTER,Router WiFi 5,8,950000,7600000
TechStore JSC,INV-984,PO-2025-119,ITEM-SWITCH8,Switch 8-port,18,650000,11700000
GreenSupply Ltd.,INV-986,PO-2025-115,ITEM-INK,Mực in A4,1,180000,180000
TechStore JSC,INV-987,PO-2025-116,ITEM-MOUSE,Chuột quang USB,15,120000,1800000
TechStore JSC,INV-987,PO-2025-116,ITEM-SWITCH8,Switch 8-port,4,650000,2600000
NCC Minh Long,INV-960,PO-2025-108,ITEM-SWITCH8,Switch 8-port,4,650000,2600000
TechStore JSC,INV-986,PO-2025-116,ITEM-MOUSE,Chuột quang USB,5,120000,600000
TechStore JSC,INV-986,PO-2025-116,ITEM-SWITCH8,Switch 8-port,6,650000,3900000
TechStore JSC,INV-919,PO-2025-102,ITEM-SWITCH8,Switch 8-port,4,650000,2600000
Cong ty ABC,INV-887,PO-2025-104,ITEM-PAPER,Giấy A4 500 tờ,8,75000,600000
Cong ty ABC,INV-887,PO-2025-104,ITEM-INK,Mực in A4,7,180000,1260000
Cong ty ABC,INV-887,PO-2025-104,ITEM-SWITCH8,Switch 8-port,4,650000,2600000
OfficePro Co.,INV-920,PO-2025-105,ITEM-ROUTER,Router WiFi 5,6,950000,5700000
OfficePro Co.,INV-920,PO-2025-105,ITEM-SWITCH8,Switch 8-port,1,650000,650000
OfficePro Co.,INV-920,PO-2025-105,ITEM-KEYB,Bàn phím USB,6,220000,1320000
NCC Minh Long,INV-869,PO-2025-100,ITEM-PAPER,Giấy A4 500 tờ,1,75000,75000
Cong ty ABC,INV-753,PO-2025-103,ITEM-KEYB,Bàn phím USB,13,220000,2860000
NCC Minh Long,INV-916,PO-2025-108,ITEM-SWITCH8,Switch 8-port,5,650000,3250000
GreenSupply Ltd.,INV-974,PO-2025-112,ITEM-MOUSE,Chuột quang USB,6,120000,720000
TechStore JSC,INV-729,PO-2025-102,ITEM-ROUTER,Router WiFi 5,1,950000,950000
TechStore JSC,INV-729,PO-2025-102,ITEM-SWITCH8,Switch 8-port,19,650000,12350000
NCC Minh Long,INV-813,PO-2025-108,ITEM-SWITCH8,Switch 8-port,1,650000,650000
OfficePro Co.,INV-837,PO-2025-110,ITEM-ROUTER,Router WiFi 5,4,1045000,4180000
OfficePro Co.,INV-725,PO-2025-105,ITEM-ROUTER,Router WiFi 5,5,950000,4750000
OfficePro Co.,INV-725,PO-2025-105,ITEM-KEYB,Bàn phím USB,4,220000,880000
TechStore JSC,INV-838,PO-2025-116,ITEM-SWITCH8,Switch 8-port,1,650000,650000
NCC Minh Long,INV-958,PO-2025-100,ITEM-PAPER,Giấy A4 500 tờ,2,75000,150000
NCC Minh Long,INV-921,PO-2025-114,ITEM-KEYB,Bàn phím USB,4,220000,880000
TechStore JSC,INV-810,PO-2025-116,ITEM-MOUSE,Chuột quang USB,5,120000,600000
TechStore JSC,INV-810,PO-2025-116,ITEM-SWITCH8,Switch 8-port,1,650000,650000
Cong ty ABC,INV-736,PO-2025-104,ITEM-SWITCH8,Switch 8-port,3,650000,1950000
Cong ty ABC,INV-895,PO-2025-101,ITEM-INK,Mực in A4,5,180000,900000
TechStore JSC,INV-850,PO-2025-107,ITEM-INK,Mực in A4,15,180000,2700000
TechStore JSC,INV-850,PO-2025-107,ITEM-MOUSE,Chuột quang USB,18,114000,2052000
TechStore JSC,INV-850,PO-2025-107,ITEM-PAPER,Giấy A4 500 tờ,21,75000,1575000
OfficePro Co.,INV-793,PO-2025-106,ITEM-MOUSE,Chuột quang USB,13,120000,1560000
TechStore JSC,INV-827,PO-2025-116,ITEM-MOUSE,Chuột quang USB,21,120000,2520000
Cong ty ABC,INV-721,PO-2025-104,ITEM-PAPER,Giấy A4 500 tờ,2,71250,142500
Cong ty ABC,INV-721,PO-2025-104,ITEM-SWITCH8,Switch 8-port,3,650000,1950000
GreenSupply Ltd.,INV-866,PO-2025-121,ITEM-SWITCH8,Switch 8-port,6,650000,3900000
GreenSupply Ltd.,INV-866,PO-2025-121,ITEM-KEYB,Bàn phím USB,9,220000,1980000
TechStore JSC,INV-958,PO-2025-120,ITEM-PAPER,Giấy A4 500 tờ,1,75000,75000
TechStore JSC,INV-958,PO-2025-120,ITEM-INK,Mực in A4,12,180000,2160000
GreenSupply Ltd.,INV-743,PO-2025-121,ITEM-KEYB,Bàn phím USB,2,242000,484000
GreenSupply Ltd.,INV-985,PO-2025-112,ITEM-MOUSE,Chuột quang USB,11,120000,1320000
TechStore JSC,INV-835,PO-2025-107,ITEM-INK,Mực in A4,17,180000,3060000
TechStore JSC,INV-835,PO-2025-107,ITEM-PAPER,Giấy A4 500 tờ,21,75000,1575000
NCC Minh Long,INV-835,PO-2025-108,ITEM-SWITCH8,Switch 8-port,12,650000,7800000
TechStore JSC,INV-952,PO-2025-120,ITEM-SWITCH8,Switch 8-port,10,650000,6500000
TechStore JSC,INV-952,PO-2025-120,ITEM-INK,Mực in A4,11,180000,1980000
OfficePro Co.,INV-775,PO-2025-106,ITEM-MOUSE,Chuột quang USB,5,120000,600000
TechStore JSC,INV-706,PO-2025-119,ITEM-SWITCH8,Switch 8-port,4,617500,2470000
OfficePro Co.,INV-848,PO-2025-106,ITEM-MOUSE,Chuột quang USB,8,120000,960000
Cong ty ABC,INV-802,PO-2025-103,ITEM-SWITCH8,Switch 8-port,1,650000,650000
Cong ty ABC,INV-802,PO-2025-103,ITEM-KEYB,Bàn phím USB,14,220000,3080000
Cong ty ABC,INV-802,PO-2025-103,ITEM-ROUTER,Router WiFi 5,7,950000,6650000
TechStore JSC,INV-772,PO-2025-102,ITEM-ROUTER,Router WiFi 5,2,950000,1900000
TechStore JSC,INV-757,PO-2025-119,ITEM-SWITCH8,Switch 8-port,16,650000,10400000
GreenSupply Ltd.,INV-781,PO-2025-112,ITEM-MOUSE,Chuột quang USB,7,120000,840000
Cong ty ABC,INV-772,PO-2025-109,ITEM-PAPER,Giấy A4 500 tờ,14,75000,1050000
Cong ty ABC,INV-772,PO-2025-109,ITEM-MOUSE,Chuột quang USB,11,120000,1320000
Cong ty ABC,INV-772,PO-2025-109,ITEM-INK,Mực in A4,15,180000,2700000
GreenSupply Ltd.,INV-986,PO-2025-115,ITEM-INK,Mực in A4,1,180000,180000
TechStore JSC,INV-706,PO-2025-119,ITEM-SWITCH8,Switch 8-port,4,617500,2470000
